{"x":0.0,"y":1.0,"z":3.799999952316284}
{"x":1.102088451385498,"y":1.0992292165756226,"z":3.799999952316284}
{"x":2.1324961185455324,"y":1.099229335784912,"z":3.799999952316284}
{"x":3.3073244094848635,"y":1.2180817127227784,"z":3.799999952316284}
{"x":4.462806701660156,"y":3.930819034576416,"z":3.799999952316284}
{"x":5.86506462097168,"y":3.368053436279297,"z":3.892939805984497}
{"x":7.031423568725586,"y":1.098240852355957,"z":4.4984002113342289}
{"x":7.6962199211120609,"y":1.0992292165756226,"z":5.122829914093018}
{"x":8.866222381591797,"y":1.099229335784912,"z":6.292832374572754}
{"x":10.022306442260743,"y":1.099229335784912,"z":7.290208339691162}
{"x":11.188249588012696,"y":1.0992292165756226,"z":7.76198673248291}
{"x":12.362693786621094,"y":1.099229335784912,"z":7.786543369293213}
{"x":13.52742862701416,"y":1.2139256000518799,"z":7.786543369293213}
{"x":14.68913745880127,"y":3.960376739501953,"z":7.786543369293213}
{"x":16.08808135986328,"y":3.4130301475524904,"z":7.786543369293213}
{"x":17.255504608154298,"y":1.099229335784912,"z":7.786543369293213}
{"x":18.427080154418947,"y":1.099229335784912,"z":7.761817932128906}
{"x":19.587417602539064,"y":1.099229335784912,"z":7.273224830627441}
{"x":20.7574462890625,"y":1.0992292165756226,"z":6.243036270141602}
{"x":21.922636032104493,"y":1.0992292165756226,"z":5.077846527099609}
{"x":23.093414306640626,"y":1.099229335784912,"z":3.9070682525634767}
{"x":24.257854461669923,"y":1.0992292165756226,"z":2.742626667022705}
{"x":25.65390968322754,"y":3.735809803009033,"z":1.621357798576355}
{"x":26.821107864379884,"y":4.181005477905273,"z":1.2896678447723389}
{"x":27.988744735717775,"y":1.6244609355926514,"z":1.2889431715011597}
{"x":29.154653549194337,"y":1.099229335784912,"z":1.2889431715011597}
{"x":30.32256317138672,"y":1.099229335784912,"z":1.2889431715011597}
{"x":31.497737884521486,"y":1.215355396270752,"z":1.2889431715011597}
{"x":32.660484313964847,"y":3.9536819458007814,"z":1.2889431715011597}
{"x":33.82223892211914,"y":3.797236442565918,"z":1.2889431715011597}
{"x":34.68869400024414,"y":1.5885286331176758,"z":1.2889431715011597}
{"x":35.55902099609375,"y":1.099229335784912,"z":1.2889431715011597}
{"x":36.9567985534668,"y":2.702650785446167,"z":1.2889431715011597}
{"x":38.12186050415039,"y":4.3057169914245609,"z":1.2889431715011597}
{"x":39.28922653198242,"y":2.913778781890869,"z":1.2889431715011597}
{"x":40.45539474487305,"y":1.099229335784912,"z":1.2889431715011597}
{"x":41.42708206176758,"y":3.2199411392211916,"z":1.2889431715011597}
{"x":42.583396911621097,"y":3.6363143920898439,"z":1.2889431715011597}
{"x":43.75047302246094,"y":1.1757547855377198,"z":1.2889431715011597}
